{
  "_meta": {
    "note": "CSV-trained selection model — per-team conditional logit on R1-3 picks 2000-2024",
    "features": [
      "isHS",
      "isCollege",
      "posCIF",
      "posMIF",
      "posC",
      "posCOF",
      "posCF",
      "posLHP",
      "posRHP",
      "rgnWest",
      "rgnSouth",
      "rgnMidwest",
      "rgnNortheast",
      "pickNorm"
    ],
    "trainedAt": "2026-06-18",
    "trainYears": [
      2000,
      2022
    ],
    "valYears": [
      2023,
      2024
    ],
    "nTrainEvents": 2080,
    "nValEvents": 168,
    "metrics": {
      "trainNLL": 1.8723,
      "valNLL": 1.8447,
      "trainTop3": 0.9154,
      "valTop3": 0.8333,
      "bestValNLL": 1.8447
    }
  },
  "betaGlobal": [
    0.21552479391313137,
    0.27367058055712645,
    -0.08800102916039342,
    -0.029490695449590952,
    0.1389850231015507,
    0.07089778492286458,
    -0.07994537395249167,
    0.0017307439796686854,
    -0.02523622611377143,
    0.18288787096136802,
    0.3475661832414598,
    0.13752412707794034,
    -0.23721993451157716,
    -18.24254891399268
  ],
  "betaTeam": {
    "ARI": [
      -0.05146502153415088,
      -0.0412023766112086,
      -0.04424868341661081,
      -0.17178715941447123,
      -0.13661078530129184,
      0.121455427197531,
      -0.05223720129342781,
      -0.0021734212996709548,
      0.17787201729275479,
      -0.004602169536137868,
      0.05836061270840854,
      0.04734703422647501,
      -0.08189447460932013,
      -0.12204953615256636
    ],
    "ATH": [
      -0.07365574433514963,
      0.11219201857273749,
      -0.05453152040710793,
      0.044894771799422424,
      0.11727887017713697,
      0.19091813396952523,
      -0.08328363170934958,
      -0.1870499025283491,
      -0.045406697322337077,
      0.07532151005155895,
      -0.017156640015656928,
      0.013310771931122243,
      -0.040451446136174136,
      -0.10469674789442535
    ],
    "ATL": [
      -0.05445799162344454,
      0.008983571370607542,
      -0.1612906731809738,
      -0.044188141605140244,
      0.13734000555707893,
      -0.044133716666070105,
      -0.16031109079633793,
      0.34992780763225023,
      -0.07912451610127637,
      -0.14055992082288404,
      -0.04256455072769004,
      0.22232474418181303,
      -0.02256814931735731,
      -0.07725668156045536
    ],
    "BAL": [
      0.013280798812410247,
      -0.010289280131326729,
      0.020940486654152064,
      0.004658709818046333,
      -0.057610546961196156,
      0.058224873105941474,
      0.05498625534429631,
      -0.07155508414654803,
      0.014939956066509318,
      -0.08419818826521488,
      0.1779361345012128,
      -0.053363373339344544,
      -0.014956018397331388,
      -0.1097515064940844
    ],
    "BOS": [
      0.1503563976161485,
      -0.07711022018799842,
      0.19439936896406576,
      0.08546913683629252,
      0.15550360801347055,
      -0.08817069371905523,
      -0.08397248560149591,
      -0.09540189970289396,
      -0.16738028325115217,
      0.15178791249879287,
      -0.03706071357672114,
      -0.054222132905040375,
      -0.016020412480279737,
      -0.09426771672668445
    ],
    "CHC": [
      0.01271320002267753,
      -0.0037221728001712744,
      -0.10646361614665206,
      -0.03288238616903165,
      -0.1161943706496597,
      0.05381565406290601,
      0.025815778099539253,
      0.16071338450966058,
      0.003354342950841779,
      0.1021249644103996,
      0.0015031638799805546,
      -0.027119250434947246,
      -0.08497674127362645,
      -0.08348220229546742
    ],
    "CIN": [
      -0.031620618313092555,
      0.08035523625178582,
      -0.03479307917498374,
      0.015448469710478127,
      0.08717589193243863,
      0.028165458531398183,
      -0.0008950810837757576,
      -0.02534673680372717,
      -0.05878413658814147,
      -0.1394597839683871,
      0.21834419148997095,
      -0.07545587712677616,
      -0.004093023954416157,
      -0.11271219805982732
    ],
    "CLE": [
      -0.07078895052983072,
      0.06794880019626028,
      0.12075639025101707,
      -0.002036258290394368,
      -0.07657757818640656,
      0.049259256644610096,
      0.03674595194974487,
      0.03793123431677806,
      -0.13612953714014883,
      0.04182339660176805,
      0.07971059839482326,
      -0.0852818932435844,
      -0.00136417936977131,
      -0.0704525072280371
    ],
    "COL": [
      -0.03925313637568924,
      0.034490819057831475,
      -0.028968461752935354,
      -0.11455393817433523,
      -0.1148232014839227,
      0.10138636285263243,
      -0.07655091292418226,
      0.19473520197004987,
      0.01314294153462893,
      0.03913612120143681,
      -0.07889635798588934,
      0.0008270831179564239,
      0.061909297897729296,
      -0.12128012921124824
    ],
    "CWS": [
      -0.10905828700717204,
      0.09714068263320795,
      -0.05477274314316111,
      -0.2285620500676614,
      -0.13320335961544053,
      0.04506829085324392,
      0.041042637727751165,
      0.18930069266178226,
      0.14872680797732937,
      0.05894274970943749,
      -0.12104247001098985,
      0.05247685543557879,
      0.03218885444290652,
      -0.09127277654057722
    ],
    "DET": [
      -0.09544811196455165,
      0.006618962611698849,
      -0.003660674838759774,
      0.06752851874266087,
      0.08526354285985653,
      -0.19230694819231145,
      0.09422448767752421,
      -0.05888858311406329,
      0.015733113863206277,
      -0.01066728372602161,
      0.0689324884941954,
      -0.03332125944185977,
      -0.014419085693515177,
      -0.09210071566027982
    ],
    "HOU": [
      -0.03100686274488277,
      -0.12035185535032578,
      0.032852354644153745,
      0.031802382255542085,
      -0.05145139268941157,
      0.06009532713264301,
      0.10758517246027154,
      -0.25991133126294674,
      0.08058432190892852,
      0.13900936070495815,
      -0.0979557185766947,
      0.0045012168480825145,
      0.0008391971575940063,
      -0.06757537539666568
    ],
    "KC": [
      -0.14594528982234,
      0.02993756283265304,
      0.17135730246320607,
      -0.12140848592839153,
      0.06361781155205941,
      -0.07802614992455155,
      -0.06838575568823338,
      0.04441343308656971,
      -0.013291865383199366,
      -0.058736795542280215,
      -0.04857928658500572,
      0.11591503242632717,
      0.001452172395642911,
      -0.11920577011320224
    ],
    "LAA": [
      -0.0371163872871757,
      -0.05563366009542241,
      -0.062020957019589464,
      0.048067683292368144,
      -0.03265072203758717,
      -0.08687267733230333,
      0.0874243216836679,
      0.06041519561040564,
      -0.019550949991082527,
      -0.014141475935669744,
      -0.00823851188742912,
      0.019002154960171023,
      -0.010444414064629466,
      -0.08068492048355204
    ],
    "LAD": [
      -0.05963047776898691,
      -0.01904902929313389,
      -0.00005111651396988697,
      -0.05178172789023222,
      0.11929349699193514,
      -0.1081200646327496,
      -0.10439509844502762,
      0.0860645030983449,
      0.07814057150993244,
      -0.057243963587382936,
      0.03923275949423753,
      0.04969771679969916,
      -0.003723102867480471,
      -0.05267648146968452
    ],
    "MIA": [
      0.1301233671426202,
      -0.07420382329316032,
      0.0447972664757337,
      0.01700861974412318,
      0.00829558616111221,
      -0.22442106820325727,
      0.23552829271760675,
      0.19068173686441509,
      -0.22500379645514285,
      -0.07564738073508982,
      0.03515436390612401,
      0.04228121857656982,
      -0.005903594321126928,
      -0.08630366774121914
    ],